132;teste;teste 2;teste 3;teste 4;teste 5;test 6;test 7;asd 8;9da1
132;teste;teste 2;teste 3;teste 4;teste 5;test 6;test 7;asd 8;9da1
132;teste;teste 2;teste 3;teste 4;teste 5;test 6;test 7;asd 8;9da1
132;teste;teste 2;teste 3;teste 4;teste 5;test 6;test 7;asd 8;9da1
132;teste;teste 2;teste 3;teste 4;teste 5;test 6;test 7;asd 8;9da1
132;teste;teste 2;teste 3;teste 4;teste 5;test 6;test 7;asd 8;9da1
132;teste;teste 2;teste 3;teste 4;teste 5;test 6;test 7;asd 8;9da1
132;teste;teste 2;teste 3;teste 4;teste 5;test 6;test 7;asd 8;9da1
132;teste;teste 2;teste 3;teste 4;teste 5;test 6;test 7;asd 8;9da1
132;teste;teste 2;teste 3;teste 4;teste 5;test 6;test 7;asd 8;9da1
132;teste;teste 2;teste 3;teste 4;teste 5;test 6;test 7;asd 8;9da1
132;teste;teste 2;teste 3;teste 4;teste 5;test 6;test 7;asd 8;9da1
132;teste;teste 2;teste 3;teste 4;teste 5;test 6;test 7;asd 8;9da1
132;teste;teste 2;teste 3;teste 4;teste 5;test 6;test 7;asd 8;9da1
132;teste;teste 2;teste 3;teste 4;teste 5;test 6;test 7;asd 8;9da1
132;teste;teste 2;teste 3;teste 4;teste 5;test 6;test 7;asd 8;9da1
132;teste;teste 2;teste 3;teste 4;teste 5;test 6;test 7;asd 8;9da1
132;teste;teste 2;teste 3;teste 4;teste 5;test 6;test 7;asd 8;9da1
132;teste;teste 2;teste 3;teste 4;teste 5;test 6;test 7;asd 8;9da1
132;teste;teste 2;teste 3;teste 4;teste 5;test 6;test 7;asd 8;9da1
132;teste;teste 2;teste 3;teste 4;teste 5;test 6;test 7;asd 8;9da1
132;teste;teste 2;teste 3;teste 4;teste 5;test 6;test 7;asd 8;9da1
132;teste;teste 2;teste 3;teste 4;teste 5;test 6;test 7;asd 8;9da1
132;teste;teste 2;teste 3;teste 4;teste 5;test 6;test 7;asd 8;9da1
132;teste;teste 2;teste 3;teste 4;teste 5;test 6;test 7;asd 8;9da1
132;teste;teste 2;teste 3;teste 4;teste 5;test 6;test 7;asd 8;9da1
132;teste;teste 2;teste 3;teste 4;teste 5;test 6;test 7;asd 8;9da1
132;teste;teste 2;teste 3;teste 4;teste 5;test 6;test 7;asd 8;9da1
132;teste;teste 2;teste 3;teste 4;teste 5;test 6;test 7;asd 8;9da1
132;teste;teste 2;teste 3;teste 4;teste 5;test 6;test 7;asd 8;9da1
132;teste;teste 2;teste 3;teste 4;teste 5;test 6;test 7;asd 8;9da1
132;teste;teste 2;teste 3;teste 4;teste 5;test 6;test 7;asd 8;9da1
132;teste;teste 2;teste 3;teste 4;teste 5;test 6;test 7;asd 8;9da1
132;teste;teste 2;teste 3;teste 4;teste 5;test 6;test 7;asd 8;9da1
132;teste;teste 2;teste 3;teste 4;teste 5;test 6;test 7;asd 8;9da1
132;teste;teste 2;teste 3;teste 4;teste 5;test 6;test 7;asd 8;9da1
132;teste;teste 2;teste 3;teste 4;teste 5;test 6;test 7;asd 8;9da1
132;teste;teste 2;teste 3;teste 4;teste 5;test 6;test 7;asd 8;9da1
132;teste;teste 2;teste 3;teste 4;teste 5;test 6;test 7;asd 8;9da1
132;teste;teste 2;teste 3;teste 4;teste 5;test 6;test 7;asd 8;9da1
132;teste;teste 2;teste 3;teste 4;teste 5;test 6;test 7;asd 8;9da1
132;teste;teste 2;teste 3;teste 4;teste 5;test 6;test 7;asd 8;9da1
132;teste;teste 2;teste 3;teste 4;teste 5;test 6;test 7;asd 8;9da1
132;teste;teste 2;teste 3;teste 4;teste 5;test 6;test 7;asd 8;9da1
132;teste;teste 2;teste 3;teste 4;teste 5;test 6;test 7;asd 8;9da1
132;teste;teste 2;teste 3;teste 4;teste 5;test 6;test 7;asd 8;9da1
132;teste;teste 2;teste 3;teste 4;teste 5;test 6;test 7;asd 8;9da1
132;teste;teste 2;teste 3;teste 4;teste 5;test 6;test 7;asd 8;9da1
132;teste;teste 2;teste 3;teste 4;teste 5;test 6;test 7;asd 8;9da1
132;teste;teste 2;teste 3;teste 4;teste 5;test 6;test 7;asd 8;9da1
132;teste;teste 2;teste 3;teste 4;teste 5;test 6;test 7;asd 8;9da1
132;teste;teste 2;teste 3;teste 4;teste 5;test 6;test 7;asd 8;9da1
132;teste;teste 2;teste 3;teste 4;teste 5;test 6;test 7;asd 8;9da1
132;teste;teste 2;teste 3;teste 4;teste 5;test 6;test 7;asd 8;9da1
132;teste;teste 2;teste 3;teste 4;teste 5;test 6;test 7;asd 8;9da1
132;teste;teste 2;teste 3;teste 4;teste 5;test 6;test 7;asd 8;9da1
132;teste;teste 2;teste 3;teste 4;teste 5;test 6;test 7;asd 8;9da1
132;teste;teste 2;teste 3;teste 4;teste 5;test 6;test 7;asd 8;9da1
132;teste;teste 2;teste 3;teste 4;teste 5;test 6;test 7;asd 8;9da1
132;teste;teste 2;teste 3;teste 4;teste 5;test 6;test 7;asd 8;9da1
132;teste;teste 2;teste 3;teste 4;teste 5;test 6;test 7;asd 8;9da1
132;teste;teste 2;teste 3;teste 4;teste 5;test 6;test 7;asd 8;9da1
132;teste;teste 2;teste 3;teste 4;teste 5;test 6;test 7;asd 8;9da1
132;teste;teste 2;teste 3;teste 4;teste 5;test 6;test 7;asd 8;9da1
132;teste;teste 2;teste 3;teste 4;teste 5;test 6;test 7;asd 8;9da1
132;teste;teste 2;teste 3;teste 4;teste 5;test 6;test 7;asd 8;9da1
132;teste;teste 2;teste 3;teste 4;teste 5;test 6;test 7;asd 8;9da1
132;teste;teste 2;teste 3;teste 4;teste 5;test 6;test 7;asd 8;9da1
132;teste;teste 2;teste 3;teste 4;teste 5;test 6;test 7;asd 8;9da1
132;teste;teste 2;teste 3;teste 4;teste 5;test 6;test 7;asd 8;9da1
132;teste;teste 2;teste 3;teste 4;teste 5;test 6;test 7;asd 8;9da1
132;teste;teste 2;teste 3;teste 4;teste 5;test 6;test 7;asd 8;9da1
132;teste;teste 2;teste 3;teste 4;teste 5;test 6;test 7;asd 8;9da1
132;teste;teste 2;teste 3;teste 4;teste 5;test 6;test 7;asd 8;9da1
132;teste;teste 2;teste 3;teste 4;teste 5;test 6;test 7;asd 8;9da1
132;teste;teste 2;teste 3;teste 4;teste 5;test 6;test 7;asd 8;9da1
132;teste;teste 2;teste 3;teste 4;teste 5;test 6;test 7;asd 8;9da1
132;teste;teste 2;teste 3;teste 4;teste 5;test 6;test 7;asd 8;9da1
132;teste;teste 2;teste 3;teste 4;teste 5;test 6;test 7;asd 8;9da1
132;teste;teste 2;teste 3;teste 4;teste 5;test 6;test 7;asd 8;9da1
132;teste;teste 2;teste 3;teste 4;teste 5;test 6;test 7;asd 8;9da1
132;teste;teste 2;teste 3;teste 4;teste 5;test 6;test 7;asd 8;9da1
132;teste;teste 2;teste 3;teste 4;teste 5;test 6;test 7;asd 8;9da1
132;teste;teste 2;teste 3;teste 4;teste 5;test 6;test 7;asd 8;9da1
132;teste;teste 2;teste 3;teste 4;teste 5;test 6;test 7;asd 8;9da1
132;teste;teste 2;teste 3;teste 4;teste 5;test 6;test 7;asd 8;9da1
132;teste;teste 2;teste 3;teste 4;teste 5;test 6;test 7;asd 8;9da1
132;teste;teste 2;teste 3;teste 4;teste 5;test 6;test 7;asd 8;9da1
132;teste;teste 2;teste 3;teste 4;teste 5;test 6;test 7;asd 8;9da1
132;teste;teste 2;teste 3;teste 4;teste 5;test 6;test 7;asd 8;9da1
132;teste;teste 2;teste 3;teste 4;teste 5;test 6;test 7;asd 8;9da1
132;teste;teste 2;teste 3;teste 4;teste 5;test 6;test 7;asd 8;9da1
132;teste;teste 2;teste 3;teste 4;teste 5;test 6;test 7;asd 8;9da1
132;teste;teste 2;teste 3;teste 4;teste 5;test 6;test 7;asd 8;9da1
132;teste;teste 2;teste 3;teste 4;teste 5;test 6;test 7;asd 8;9da1
132;teste;teste 2;teste 3;teste 4;teste 5;test 6;test 7;asd 8;9da1
132;teste;teste 2;teste 3;teste 4;teste 5;test 6;test 7;asd 8;9da1
132;teste;teste 2;teste 3;teste 4;teste 5;test 6;test 7;asd 8;9da1
132;teste;teste 2;teste 3;teste 4;teste 5;test 6;test 7;asd 8;9da1
132;teste;teste 2;teste 3;teste 4;teste 5;test 6;test 7;asd 8;9da1
132;teste;teste 2;teste 3;teste 4;teste 5;test 6;test 7;asd 8;9da1
132;teste;teste 2;teste 3;teste 4;teste 5;test 6;test 7;asd 8;9da1
132;teste;teste 2;teste 3;teste 4;teste 5;test 6;test 7;asd 8;9da1
132;teste;teste 2;teste 3;teste 4;teste 5;test 6;test 7;asd 8;9da1
132;teste;teste 2;teste 3;teste 4;teste 5;test 6;test 7;asd 8;9da1
132;teste;teste 2;teste 3;teste 4;teste 5;test 6;test 7;asd 8;9da1
132;teste;teste 2;teste 3;teste 4;teste 5;test 6;test 7;asd 8;9da1
132;teste;teste 2;teste 3;teste 4;teste 5;test 6;test 7;asd 8;9da1
132;teste;teste 2;teste 3;teste 4;teste 5;test 6;test 7;asd 8;9da1
132;teste;teste 2;teste 3;teste 4;teste 5;test 6;test 7;asd 8;9da1
132;teste;teste 2;teste 3;teste 4;teste 5;test 6;test 7;asd 8;9da1
132;teste;teste 2;teste 3;teste 4;teste 5;test 6;test 7;asd 8;9da1
132;teste;teste 2;teste 3;teste 4;teste 5;test 6;test 7;asd 8;9da1
132;teste;teste 2;teste 3;teste 4;teste 5;test 6;test 7;asd 8;9da1
132;teste;teste 2;teste 3;teste 4;teste 5;test 6;test 7;asd 8;9da1
132;teste;teste 2;teste 3;teste 4;teste 5;test 6;test 7;asd 8;9da1
132;teste;teste 2;teste 3;teste 4;teste 5;test 6;test 7;asd 8;9da1
132;teste;teste 2;teste 3;teste 4;teste 5;test 6;test 7;asd 8;9da1
132;teste;teste 2;teste 3;teste 4;teste 5;test 6;test 7;asd 8;9da1
132;teste;teste 2;teste 3;teste 4;teste 5;test 6;test 7;asd 8;9da1
132;teste;teste 2;teste 3;teste 4;teste 5;test 6;test 7;asd 8;9da1
132;teste;teste 2;teste 3;teste 4;teste 5;test 6;test 7;asd 8;9da1
132;teste;teste 2;teste 3;teste 4;teste 5;test 6;test 7;asd 8;9da1
132;teste;teste 2;teste 3;teste 4;teste 5;test 6;test 7;asd 8;9da1
132;teste;teste 2;teste 3;teste 4;teste 5;test 6;test 7;asd 8;9da1
132;teste;teste 2;teste 3;teste 4;teste 5;test 6;test 7;asd 8;9da1
132;teste;teste 2;teste 3;teste 4;teste 5;test 6;test 7;asd 8;9da1
132;teste;teste 2;teste 3;teste 4;teste 5;test 6;test 7;asd 8;9da1
132;teste;teste 2;teste 3;teste 4;teste 5;test 6;test 7;asd 8;9da1
132;teste;teste 2;teste 3;teste 4;teste 5;test 6;test 7;asd 8;9da1
132;teste;teste 2;teste 3;teste 4;teste 5;test 6;test 7;asd 8;9da1
132;teste;teste 2;teste 3;teste 4;teste 5;test 6;test 7;asd 8;9da1
132;teste;teste 2;teste 3;teste 4;teste 5;test 6;test 7;asd 8;9da1
132;teste;teste 2;teste 3;teste 4;teste 5;test 6;test 7;asd 8;9da1
132;teste;teste 2;teste 3;teste 4;teste 5;test 6;test 7;asd 8;9da1